Workbook

Sheet 表二_邊界設定
A1: 表二、邊界設定
A2: 欄位對齊環境部清冊表單表二。黃底自行填寫。「未納入計算之排放源」是口試最愛問的一欄——寫下排除了什麼、為什麼。
A4: 【組織資訊】
A5: 事業名稱 | B5: 示範小吃店 | C5: 對應表一事業基本資料
A6: 管制編號／統一編號 | B6: （待填） | C6: 官方以單一管制編號為盤查單位
A7: 行業別代碼 | B7: （待填） | C7: 查清冊表單附表四行業別分類表
A8: 盤查年度 | B8: 113 | C8: 民國年。決定電力係數用哪一年
A9: 基準年 | B9: 113 | C9: 後續減量比較的基準
A10: 【邊界設定】
A11: 組織邊界合併方法 | B11: 營運控制權 | C11: 營運控制權／財務控制權／股權比例，三選一並說明理由
A12: 縣市別 | B12: 臺北市 | C12: 對應表二
A13: 鄉鎮別 | B13: 大安區
A14: 郵遞區號 | B14: 106 | C14: 附表三郵遞區號
A15: 地址 | B15: （待填）
A16: 【納入範疇】
A17: 範疇一 直接排放 | B17: 納入：固定燃燒、移動燃燒 | C17: 本專題涵蓋
A18: 範疇二 能源間接排放 | B18: 納入：外購電力 | C18: 本專題涵蓋
A19: 範疇三 其他間接排放 | B19: 排除 | C19: 超出研究範圍，於報告揭露
A20: 【邊界內未納入計算之排放源】 | B20: 排除項目 | C20: 排除理由（必須寫，不可留白）
A21: 未納入排放源1 | B21: 製程排放 | C21: 本業無製造程序，附表二製程係數不適用
A22: 未納入排放源2 | B22: 逸散排放－冷媒 | C22: 空調冷媒逸散係數為區間值（年洩漏率1~10%），不確定性過高且無填充紀錄可查，本次排除並列為未來工作
A23: 未納入排放源3 | B23: 逸散排放－化糞池 | C23: 排放量占比極低，依重大性原則排除
A24: 未納入排放源4 | B24: （自行補充） | C24: （自行補充）

Sheet 表三_排放源清冊
A1: 表三、排放源鑑別（盤查清冊）
A2: 欄位對齊環境部清冊表單表三。代碼欄下拉選單來自「代碼表」分頁。口試問「你怎麼證明沒漏掉排放源」，答案就是這張表。
A3: 排放源編號 | B3: 排放源名稱 （自訂，供對照） | C3: 製程編號 | D3: 製程代碼 | E3: 製程名稱 | F3: 設備編號 | G3: 設備代碼 | H3: 設備名稱 | I3: 原燃物料代碼 | J3: 原燃物料名稱 | K3: 是否生質能源 | L3: 直接/間接 | M3: 排放型式 | N3: 產生CO2 | O3: 產生CH4 | P3: 產生N2O | Q3: 對應係數編號 | R3: 備註
A4: S01 | B4: 台電電號 01-23-4567-89 | C4: G01 | D4: 000000 | E4: =IFERROR(INDEX(代碼表!$B$5:$B$10,MATCH($D4,代碼表!$A$5:$A$10,0)),"") -> 非製造程序產出類別 | F4: GP01 | G4: 9999 | H4: =IFERROR(INDEX(代碼表!$E$5:$E$13,MATCH($G4,代碼表!$D$5:$D$13,0)),"") -> 其他未歸類設施 | I4: GG3500 | J4: =IFERROR(INDEX(代碼表!$H$5:$H$12,MATCH($I4,代碼表!$G$5:$G$12,0)),"") -> 外購台電電力 | K4: 否 | L4: 間接 | M4: 外購電力 | N4: v | Q4: TW-ELEC-113 | R4: 併網。電力係數已含GWP，僅計CO2e
A5: S02 | B5: 公務車 3888-AB | C5: G02 | D5: G20900 | E5: =IFERROR(INDEX(代碼表!$B$5:$B$10,MATCH($D5,代碼表!$A$5:$A$10,0)),"") -> 交通運輸活動 | F5: GV01 | G5: 0200 | H5: =IFERROR(INDEX(代碼表!$E$5:$E$13,MATCH($G5,代碼表!$D$5:$D$13,0)),"") -> 汽油引擎 | I5: 170001 | J5: =IFERROR(INDEX(代碼表!$H$5:$H$12,MATCH($I5,代碼表!$G$5:$G$12,0)),"") -> 車用汽油 | K5: 否 | L5: 直接 | M5: 移動燃燒 | N5: v | O5: v | P5: v | Q5: TW-M-GASOLINE-OXI | R5: 配置觸媒轉換器，採氧化觸媒係數
A6: S03 | B6: 外送機車隊 | C6: G02 | D6: G20900 | E6: =IFERROR(INDEX(代碼表!$B$5:$B$10,MATCH($D6,代碼表!$A$5:$A$10,0)),"") -> 交通運輸活動 | F6: GV02 | G6: 0200 | H6: =IFERROR(INDEX(代碼表!$E$5:$E$13,MATCH($G6,代碼表!$D$5:$D$13,0)),"") -> 汽油引擎 | I6: 170001 | J6: =IFERROR(INDEX(代碼表!$H$5:$H$12,MATCH($I6,代碼表!$G$5:$G$12,0)),"") -> 車用汽油 | K6: 否 | L6: 直接 | M6: 移動燃燒 | N6: v | O6: v | P6: v | Q6: TW-M-GASOLINE-OXI | R6: 多台合併計列，需說明合併理由
A7: S04 | B7: 廚房天然氣爐具 | C7: G03 | D7: 000999 | E7: =IFERROR(INDEX(代碼表!$B$5:$B$10,MATCH($D7,代碼表!$A$5:$A$10,0)),"") -> 其他未分類製程 | F7: GM01 | G7: 0020 | H7: =IFERROR(INDEX(代碼表!$E$5:$E$13,MATCH($G7,代碼表!$D$5:$D$13,0)),"") -> 燃氣鍋爐 | I7: 050002 | J7: =IFERROR(INDEX(代碼表!$H$5:$H$12,MATCH($I7,代碼表!$G$5:$G$12,0)),"") -> 天然氣 | K7: 否 | L7: 直接 | M7: 固定燃燒 | N7: v | O7: v | P7: v | Q7: TW-F-NG-S | R7: 設備代碼無「瓦斯爐」，暫歸燃氣鍋爐，須於報告說明
A8: S05 | B8: 備用發電機（柴油） | C8: G03 | D8: 000999 | E8: =IFERROR(INDEX(代碼表!$B$5:$B$10,MATCH($D8,代碼表!$A$5:$A$10,0)),"") -> 其他未分類製程 | F8: GM02 | G8: 0298 | H8: =IFERROR(INDEX(代碼表!$E$5:$E$13,MATCH($G8,代碼表!$D$5:$D$13,0)),"") -> 發電機 | I8: 170006 | J8: =IFERROR(INDEX(代碼表!$H$5:$H$12,MATCH($I8,代碼表!$G$5:$G$12,0)),"") -> 柴油 | K8: 否 | L8: 直接 | M8: 固定燃燒 | N8: v | O8: v | P8: v | Q8: TW-F-DIESEL-S | R8: 若年度未啟用，活動數據填0，仍須列入清冊
E9: =IFERROR(INDEX(代碼表!$B$5:$B$10,MATCH($D9,代碼表!$A$5:$A$10,0)),"") | H9: =IFERROR(INDEX(代碼表!$E$5:$E$13,MATCH($G9,代碼表!$D$5:$D$13,0)),"") | J9: =IFERROR(INDEX(代碼表!$H$5:$H$12,MATCH($I9,代碼表!$G$5:$G$12,0)),"")
E10: =IFERROR(INDEX(代碼表!$B$5:$B$10,MATCH($D10,代碼表!$A$5:$A$10,0)),"") | H10: =IFERROR(INDEX(代碼表!$E$5:$E$13,MATCH($G10,代碼表!$D$5:$D$13,0)),"") | J10: =IFERROR(INDEX(代碼表!$H$5:$H$12,MATCH($I10,代碼表!$G$5:$G$12,0)),"")
E11: =IFERROR(INDEX(代碼表!$B$5:$B$10,MATCH($D11,代碼表!$A$5:$A$10,0)),"") | H11: =IFERROR(INDEX(代碼表!$E$5:$E$13,MATCH($G11,代碼表!$D$5:$D$13,0)),"") | J11: =IFERROR(INDEX(代碼表!$H$5:$H$12,MATCH($I11,代碼表!$G$5:$G$12,0)),"")
E12: =IFERROR(INDEX(代碼表!$B$5:$B$10,MATCH($D12,代碼表!$A$5:$A$10,0)),"") | H12: =IFERROR(INDEX(代碼表!$E$5:$E$13,MATCH($G12,代碼表!$D$5:$D$13,0)),"") | J12: =IFERROR(INDEX(代碼表!$H$5:$H$12,MATCH($I12,代碼表!$G$5:$G$12,0)),"")
E13: =IFERROR(INDEX(代碼表!$B$5:$B$10,MATCH($D13,代碼表!$A$5:$A$10,0)),"") | H13: =IFERROR(INDEX(代碼表!$E$5:$E$13,MATCH($G13,代碼表!$D$5:$D$13,0)),"") | J13: =IFERROR(INDEX(代碼表!$H$5:$H$12,MATCH($I13,代碼表!$G$5:$G$12,0)),"")
E14: =IFERROR(INDEX(代碼表!$B$5:$B$10,MATCH($D14,代碼表!$A$5:$A$10,0)),"") | H14: =IFERROR(INDEX(代碼表!$E$5:$E$13,MATCH($G14,代碼表!$D$5:$D$13,0)),"") | J14: =IFERROR(INDEX(代碼表!$H$5:$H$12,MATCH($I14,代碼表!$G$5:$G$12,0)),"")
E15: =IFERROR(INDEX(代碼表!$B$5:$B$10,MATCH($D15,代碼表!$A$5:$A$10,0)),"") | H15: =IFERROR(INDEX(代碼表!$E$5:$E$13,MATCH($G15,代碼表!$D$5:$D$13,0)),"") | J15: =IFERROR(INDEX(代碼表!$H$5:$H$12,MATCH($I15,代碼表!$G$5:$G$12,0)),"")
E16: =IFERROR(INDEX(代碼表!$B$5:$B$10,MATCH($D16,代碼表!$A$5:$A$10,0)),"") | H16: =IFERROR(INDEX(代碼表!$E$5:$E$13,MATCH($G16,代碼表!$D$5:$D$13,0)),"") | J16: =IFERROR(INDEX(代碼表!$H$5:$H$12,MATCH($I16,代碼表!$G$5:$G$12,0)),"")
E17: =IFERROR(INDEX(代碼表!$B$5:$B$10,MATCH($D17,代碼表!$A$5:$A$10,0)),"") | H17: =IFERROR(INDEX(代碼表!$E$5:$E$13,MATCH($G17,代碼表!$D$5:$D$13,0)),"") | J17: =IFERROR(INDEX(代碼表!$H$5:$H$12,MATCH($I17,代碼表!$G$5:$G$12,0)),"")
E18: =IFERROR(INDEX(代碼表!$B$5:$B$10,MATCH($D18,代碼表!$A$5:$A$10,0)),"") | H18: =IFERROR(INDEX(代碼表!$E$5:$E$13,MATCH($G18,代碼表!$D$5:$D$13,0)),"") | J18: =IFERROR(INDEX(代碼表!$H$5:$H$12,MATCH($I18,代碼表!$G$5:$G$12,0)),"")
E19: =IFERROR(INDEX(代碼表!$B$5:$B$10,MATCH($D19,代碼表!$A$5:$A$10,0)),"") | H19: =IFERROR(INDEX(代碼表!$E$5:$E$13,MATCH($G19,代碼表!$D$5:$D$13,0)),"") | J19: =IFERROR(INDEX(代碼表!$H$5:$H$12,MATCH($I19,代碼表!$G$5:$G$12,0)),"")
E20: =IFERROR(INDEX(代碼表!$B$5:$B$10,MATCH($D20,代碼表!$A$5:$A$10,0)),"") | H20: =IFERROR(INDEX(代碼表!$E$5:$E$13,MATCH($G20,代碼表!$D$5:$D$13,0)),"") | J20: =IFERROR(INDEX(代碼表!$H$5:$H$12,MATCH($I20,代碼表!$G$5:$G$12,0)),"")
... E23: =IFERROR(INDEX(代碼表!$B$5:$B$10,MATCH($D23,代碼表!$A$5:$A$10,0)),"") | H23: =IFERROR(INDEX(代碼表!$E$5:$E$13,MATCH($G23,代碼表!$D$5:$D$13,0)),"") | J23: =IFERROR(INDEX(代碼表!$H$5:$H$12,MATCH($I23,代碼表!$G$5:$G$12,0)),"")
A25: 完整性檢查：清冊上每一個排放源，在「活動數據登錄」都必須至少有一筆資料；年度未使用者活動數據填 0，不可從清冊刪除。

Sheet 活動數據登錄
A1: 活動數據登錄表
A2: 盤查年度起日 | C2: 45292 | D2: 民國113年1月1日
A3: 盤查年度迄日 | C3: 45657 | D3: 民國113年12月31日。跨年帳單依落在此區間的天數比例分攤。
A4: 一列一張單據。黃底自行填寫，其餘自動計算。「資料品質」填實測或推估——金額回推公升、跨期分攤後的數字都算推估，必須誠實標示。
A5: A. 單據內容（自行填寫） | K5: B. 跨期分攤（公式） | O5: C. 排放量計算（公式）
A6: 序號 | B6: 排放源名稱 | C6: 佐證類型 | D6: 佐證編號 | E6: 期間起 | F6: 期間迄 | G6: 原始活動數據 | H6: 單位 | I6: 資料品質 | J6: 推估依據／備註 | K6: 總天數 | L6: 年度內天數 | M6: 分攤比例 | N6: 分攤後數據 | O6: 係數編號 | P6: 係數名稱 | Q6: 係數單位 | R6: 單位檢查 | S6: 合計係數 kgCO2e/單位 | T6: 範疇 | U6: 排放量 kgCO2e | V6: 排放量 tCO2e
A7: 1 | B7: 台電電號 01-23-4567-89 | C7: 電費單 | D7: 113年1-2月期 | E7: 45275 | F7: 45336 | G7: 8640 | H7: 度 | I7: 推估 | J7: 雙月期帳單跨年度，依天數比例分攤，分攤後數值屬推估。 | K7: =IF($E7="","",$F7-$E7+1) -> 62 | L7: =IF($E7="","",MAX(0,MIN($F7,$C$3)-MAX($E7,$C$2)+1)) -> 45 | M7: =IFERROR($L7/$K7,"") -> 0.72580645 | N7: =IFERROR($G7*$M7,"") -> 6270.9677 | O7: TW-ELEC-113 | P7: =IFERROR(INDEX(燃料係數計算!$C$7:$C$40,MATCH($O7,燃料係數計算!$A$7:$A$40,0)),IFERROR(INDEX(電力係數!$B$4:$B$20,MATCH($O7,電力係數!$A$4:$A$20,0)),"")) -> 台灣電力(113年度) | Q7: =IFERROR(INDEX(燃料係數計算!$F$7:$F$40,MATCH($O7,燃料係數計算!$A$7:$A$40,0)),IFERROR(INDEX(電力係數!$D$4:$D$20,MATCH($O7,電力係數!$A$4:$A$20,0)),"")) -> 度 | R7: =IF($H7="","",IF($H7=$Q7,"OK","單位不符")) -> OK | S7: =IFERROR(INDEX(燃料係數計算!$U$7:$U$40,MATCH($O7,燃料係數計算!$A$7:$A$40,0)),IFERROR(INDEX(電力係數!$C$4:$C$20,MATCH($O7,電力係數!$A$4:$A$20,0)),"")) -> 0.474 | T7: =IFERROR(IF(MATCH($O7,電力係數!$A$4:$A$20,0)>0,"範疇二"),IF($O7="","","範疇一")) -> 範疇二 | U7: =IFERROR($N7*$S7,"") -> 2972.4387 | V7: =IFERROR($U7/1000,"") -> 2.9724387
A8: 2 | B8: 台電電號 01-23-4567-89 | C8: 電費單 | D8: 113年3-4月期 | E8: 45337 | F8: 45396 | G8: 7920 | H8: 度 | I8: 實測 | J8: 完整落在盤查年度內。 | K8: =IF($E8="","",$F8-$E8+1) -> 60 | L8: =IF($E8="","",MAX(0,MIN($F8,$C$3)-MAX($E8,$C$2)+1)) -> 60 | M8: =IFERROR($L8/$K8,"") -> 1 | N8: =IFERROR($G8*$M8,"") -> 7920 | O8: TW-ELEC-113 | P8: =IFERROR(INDEX(燃料係數計算!$C$7:$C$40,MATCH($O8,燃料係數計算!$A$7:$A$40,0)),IFERROR(INDEX(電力係數!$B$4:$B$20,MATCH($O8,電力係數!$A$4:$A$20,0)),"")) -> 台灣電力(113年度) | Q8: =IFERROR(INDEX(燃料係數計算!$F$7:$F$40,MATCH($O8,燃料係數計算!$A$7:$A$40,0)),IFERROR(INDEX(電力係數!$D$4:$D$20,MATCH($O8,電力係數!$A$4:$A$20,0)),"")) -> 度 | R8: =IF($H8="","",IF($H8=$Q8,"OK","單位不符")) -> OK | S8: =IFERROR(INDEX(燃料係數計算!$U$7:$U$40,MATCH($O8,燃料係數計算!$A$7:$A$40,0)),IFERROR(INDEX(電力係數!$C$4:$C$20,MATCH($O8,電力係數!$A$4:$A$20,0)),"")) -> 0.474 | T8: =IFERROR(IF(MATCH($O8,電力係數!$A$4:$A$20,0)>0,"範疇二"),IF($O8="","","範疇一")) -> 範疇二 | U8: =IFERROR($N8*$S8,"") -> 3754.08 | V8: =IFERROR($U8/1000,"") -> 3.75408
A9: 3 | B9: 公務車 3888-AB | C9: 電子發票 | D9: AB-12345678 | E9: 45356 | F9: 45356 | G9: 45.2 | H9: 公升 | I9: 實測 | J9: 發票品項含數量，直接採用。 | K9: =IF($E9="","",$F9-$E9+1) -> 1 | L9: =IF($E9="","",MAX(0,MIN($F9,$C$3)-MAX($E9,$C$2)+1)) -> 1 | M9: =IFERROR($L9/$K9,"") -> 1 | N9: =IFERROR($G9*$M9,"") -> 45.2 | O9: TW-M-GASOLINE-OXI | P9: =IFERROR(INDEX(燃料係數計算!$C$7:$C$40,MATCH($O9,燃料係數計算!$A$7:$A$40,0)),IFERROR(INDEX(電力係數!$B$4:$B$20,MATCH($O9,電力係數!$A$4:$A$20,0)),"")) -> 車用汽油 | Q9: =IFERROR(INDEX(燃料係數計算!$F$7:$F$40,MATCH($O9,燃料係數計算!$A$7:$A$40,0)),IFERROR(INDEX(電力係數!$D$4:$D$20,MATCH($O9,電力係數!$A$4:$A$20,0)),"")) -> 公升 | R9: =IF($H9="","",IF($H9=$Q9,"OK","單位不符")) -> OK | S9: =IFERROR(INDEX(燃料係數計算!$U$7:$U$40,MATCH($O9,燃料係數計算!$A$7:$A$40,0)),IFERROR(INDEX(電力係數!$C$4:$C$20,MATCH($O9,電力係數!$A$4:$A$20,0)),"")) -> 2.2706792 | T9: =IFERROR(IF(MATCH($O9,電力係數!$A$4:$A$20,0)>0,"範疇二"),IF($O9="","","範疇一")) -> 範疇一 | U9: =IFERROR($N9*$S9,"") -> 102.6347 | V9: =IFERROR($U9/1000,"") -> 0.1026347
A10: 4 | B10: 公務車 3888-AB | C10: 電子發票 | D10: AB-12345679 | E10: 45371 | F10: 45371 | G10: 49.2 | H10: 公升 | I10: 推估 | J10: ⚠發票僅有金額1,500元，以當期油價30.5元/公升回推。油價逐週調整，此為推估值，取得正確數量後應更正。 | K10: =IF($E10="","",$F10-$E10+1) -> 1 | L10: =IF($E10="","",MAX(0,MIN($F10,$C$3)-MAX($E10,$C$2)+1)) -> 1 | M10: =IFERROR($L10/$K10,"") -> 1 | N10: =IFERROR($G10*$M10,"") -> 49.2 | O10: TW-M-GASOLINE-OXI | P10: =IFERROR(INDEX(燃料係數計算!$C$7:$C$40,MATCH($O10,燃料係數計算!$A$7:$A$40,0)),IFERROR(INDEX(電力係數!$B$4:$B$20,MATCH($O10,電力係數!$A$4:$A$20,0)),"")) -> 車用汽油 | Q10: =IFERROR(INDEX(燃料係數計算!$F$7:$F$40,MATCH($O10,燃料係數計算!$A$7:$A$40,0)),IFERROR(INDEX(電力係數!$D$4:$D$20,MATCH($O10,電力係數!$A$4:$A$20,0)),"")) -> 公升 | R10: =IF($H10="","",IF($H10=$Q10,"OK","單位不符")) -> OK | S10: =IFERROR(INDEX(燃料係數計算!$U$7:$U$40,MATCH($O10,燃料係數計算!$A$7:$A$40,0)),IFERROR(INDEX(電力係數!$C$4:$C$20,MATCH($O10,電力係數!$A$4:$A$20,0)),"")) -> 2.2706792 | T10: =IFERROR(IF(MATCH($O10,電力係數!$A$4:$A$20,0)>0,"範疇二"),IF($O10="","","範疇一")) -> 範疇一 | U10: =IFERROR($N10*$S10,"") -> 111.71741 | V10: =IFERROR($U10/1000,"") -> 0.11171741
A11: 5 | B11: 廚房天然氣爐具 | C11: 瓦斯帳單 | D11: 113年Q1 | E11: 45292 | F11: 45382 | G11: 310 | H11: 立方公尺 | I11: 實測 | J11: 熱值採NG1(消費面)8,107，未取得瓦斯公司當期熱值。 | K11: =IF($E11="","",$F11-$E11+1) -> 91 | L11: =IF($E11="","",MAX(0,MIN($F11,$C$3)-MAX($E11,$C$2)+1)) -> 91 | M11: =IFERROR($L11/$K11,"") -> 1 | N11: =IFERROR($G11*$M11,"") -> 310 | O11: TW-F-NG-S | P11: =IFERROR(INDEX(燃料係數計算!$C$7:$C$40,MATCH($O11,燃料係數計算!$A$7:$A$40,0)),IFERROR(INDEX(電力係數!$B$4:$B$20,MATCH($O11,電力係數!$A$4:$A$20,0)),"")) -> 天然氣 | Q11: =IFERROR(INDEX(燃料係數計算!$F$7:$F$40,MATCH($O11,燃料係數計算!$A$7:$A$40,0)),IFERROR(INDEX(電力係數!$D$4:$D$20,MATCH($O11,電力係數!$A$4:$A$20,0)),"")) -> 立方公尺 | R11: =IF($H11="","",IF($H11=$Q11,"OK","單位不符")) -> OK | S11: =IFERROR(INDEX(燃料係數計算!$U$7:$U$40,MATCH($O11,燃料係數計算!$A$7:$A$40,0)),IFERROR(INDEX(電力係數!$C$4:$C$20,MATCH($O11,電力係數!$A$4:$A$20,0)),"")) -> 1.9060178 | T11: =IFERROR(IF(MATCH($O11,電力係數!$A$4:$A$20,0)>0,"範疇二"),IF($O11="","","範疇一")) -> 範疇一 | U11: =IFERROR($N11*$S11,"") -> 590.86552 | V11: =IFERROR($U11/1000,"") -> 0.59086552
A12: 6 | K12: =IF($E12="","",$F12-$E12+1) | L12: =IF($E12="","",MAX(0,MIN($F12,$C$3)-MAX($E12,$C$2)+1)) | M12: =IFERROR($L12/$K12,"") | N12: =IFERROR($G12*$M12,"") | P12: =IFERROR(INDEX(燃料係數計算!$C$7:$C$40,MATCH($O12,燃料係數計算!$A$7:$A$40,0)),IFERROR(INDEX(電力係數!$B$4:$B$20,MATCH($O12,電力係數!$A$4:$A$20,0)),"")) | Q12: =IFERROR(INDEX(燃料係數計算!$F$7:$F$40,MATCH($O12,燃料係數計算!$A$7:$A$40,0)),IFERROR(INDEX(電力係數!$D$4:$D$20,MATCH($O12,電力係數!$A$4:$A$20,0)),"")) | R12: =IF($H12="","",IF($H12=$Q12,"OK","單位不符")) | S12: =IFERROR(INDEX(燃料係數計算!$U$7:$U$40,MATCH($O12,燃料係數計算!$A$7:$A$40,0)),IFERROR(INDEX(電力係數!$C$4:$C$20,MATCH($O12,電力係數!$A$4:$A$20,0)),"")) | T12: =IFERROR(IF(MATCH($O12,電力係數!$A$4:$A$20,0)>0,"範疇二"),IF($O12="","","範疇一")) | U12: =IFERROR($N12*$S12,"") | V12: =IFERROR($U12/1000,"")
A13: 7 | K13: =IF($E13="","",$F13-$E13+1) | L13: =IF($E13="","",MAX(0,MIN($F13,$C$3)-MAX($E13,$C$2)+1)) | M13: =IFERROR($L13/$K13,"") | N13: =IFERROR($G13*$M13,"") | P13: =IFERROR(INDEX(燃料係數計算!$C$7:$C$40,MATCH($O13,燃料係數計算!$A$7:$A$40,0)),IFERROR(INDEX(電力係數!$B$4:$B$20,MATCH($O13,電力係數!$A$4:$A$20,0)),"")) | Q13: =IFERROR(INDEX(燃料係數計算!$F$7:$F$40,MATCH($O13,燃料係數計算!$A$7:$A$40,0)),IFERROR(INDEX(電力係數!$D$4:$D$20,MATCH($O13,電力係數!$A$4:$A$20,0)),"")) | R13: =IF($H13="","",IF($H13=$Q13,"OK","單位不符")) | S13: =IFERROR(INDEX(燃料係數計算!$U$7:$U$40,MATCH($O13,燃料係數計算!$A$7:$A$40,0)),IFERROR(INDEX(電力係數!$C$4:$C$20,MATCH($O13,電力係數!$A$4:$A$20,0)),"")) | T13: =IFERROR(IF(MATCH($O13,電力係數!$A$4:$A$20,0)>0,"範疇二"),IF($O13="","","範疇一")) | U13: =IFERROR($N13*$S13,"") | V13: =IFERROR($U13/1000,"")
A14: 8 | K14: =IF($E14="","",$F14-$E14+1) | L14: =IF($E14="","",MAX(0,MIN($F14,$C$3)-MAX($E14,$C$2)+1)) | M14: =IFERROR($L14/$K14,"") | N14: =IFERROR($G14*$M14,"") | P14: =IFERROR(INDEX(燃料係數計算!$C$7:$C$40,MATCH($O14,燃料係數計算!$A$7:$A$40,0)),IFERROR(INDEX(電力係數!$B$4:$B$20,MATCH($O14,電力係數!$A$4:$A$20,0)),"")) | Q14: =IFERROR(INDEX(燃料係數計算!$F$7:$F$40,MATCH($O14,燃料係數計算!$A$7:$A$40,0)),IFERROR(INDEX(電力係數!$D$4:$D$20,MATCH($O14,電力係數!$A$4:$A$20,0)),"")) | R14: =IF($H14="","",IF($H14=$Q14,"OK","單位不符")) | S14: =IFERROR(INDEX(燃料係數計算!$U$7:$U$40,MATCH($O14,燃料係數計算!$A$7:$A$40,0)),IFERROR(INDEX(電力係數!$C$4:$C$20,MATCH($O14,電力係數!$A$4:$A$20,0)),"")) | T14: =IFERROR(IF(MATCH($O14,電力係數!$A$4:$A$20,0)>0,"範疇二"),IF($O14="","","範疇一")) | U14: =IFERROR($N14*$S14,"") | V14: =IFERROR($U14/1000,"")
A15: 9 | K15: =IF($E15="","",$F15-$E15+1) | L15: =IF($E15="","",MAX(0,MIN($F15,$C$3)-MAX($E15,$C$2)+1)) | M15: =IFERROR($L15/$K15,"") | N15: =IFERROR($G15*$M15,"") | P15: =IFERROR(INDEX(燃料係數計算!$C$7:$C$40,MATCH($O15,燃料係數計算!$A$7:$A$40,0)),IFERROR(INDEX(電力係數!$B$4:$B$20,MATCH($O15,電力係數!$A$4:$A$20,0)),"")) | Q15: =IFERROR(INDEX(燃料係數計算!$F$7:$F$40,MATCH($O15,燃料係數計算!$A$7:$A$40,0)),IFERROR(INDEX(電力係數!$D$4:$D$20,MATCH($O15,電力係數!$A$4:$A$20,0)),"")) | R15: =IF($H15="","",IF($H15=$Q15,"OK","單位不符")) | S15: =IFERROR(INDEX(燃料係數計算!$U$7:$U$40,MATCH($O15,燃料係數計算!$A$7:$A$40,0)),IFERROR(INDEX(電力係數!$C$4:$C$20,MATCH($O15,電力係數!$A$4:$A$20,0)),"")) | T15: =IFERROR(IF(MATCH($O15,電力係數!$A$4:$A$20,0)>0,"範疇二"),IF($O15="","","範疇一")) | U15: =IFERROR($N15*$S15,"") | V15: =IFERROR($U15/1000,"")
A16: 10 | K16: =IF($E16="","",$F16-$E16+1) | L16: =IF($E16="","",MAX(0,MIN($F16,$C$3)-MAX($E16,$C$2)+1)) | M16: =IFERROR($L16/$K16,"") | N16: =IFERROR($G16*$M16,"") | P16: =IFERROR(INDEX(燃料係數計算!$C$7:$C$40,MATCH($O16,燃料係數計算!$A$7:$A$40,0)),IFERROR(INDEX(電力係數!$B$4:$B$20,MATCH($O16,電力係數!$A$4:$A$20,0)),"")) | Q16: =IFERROR(INDEX(燃料係數計算!$F$7:$F$40,MATCH($O16,燃料係數計算!$A$7:$A$40,0)),IFERROR(INDEX(電力係數!$D$4:$D$20,MATCH($O16,電力係數!$A$4:$A$20,0)),"")) | R16: =IF($H16="","",IF($H16=$Q16,"OK","單位不符")) | S16: =IFERROR(INDEX(燃料係數計算!$U$7:$U$40,MATCH($O16,燃料係數計算!$A$7:$A$40,0)),IFERROR(INDEX(電力係數!$C$4:$C$20,MATCH($O16,電力係數!$A$4:$A$20,0)),"")) | T16: =IFERROR(IF(MATCH($O16,電力係數!$A$4:$A$20,0)>0,"範疇二"),IF($O16="","","範疇一")) | U16: =IFERROR($N16*$S16,"") | V16: =IFERROR($U16/1000,"")
A17: 11 | K17: =IF($E17="","",$F17-$E17+1) | L17: =IF($E17="","",MAX(0,MIN($F17,$C$3)-MAX($E17,$C$2)+1)) | M17: =IFERROR($L17/$K17,"") | N17: =IFERROR($G17*$M17,"") | P17: =IFERROR(INDEX(燃料係數計算!$C$7:$C$40,MATCH($O17,燃料係數計算!$A$7:$A$40,0)),IFERROR(INDEX(電力係數!$B$4:$B$20,MATCH($O17,電力係數!$A$4:$A$20,0)),"")) | Q17: =IFERROR(INDEX(燃料係數計算!$F$7:$F$40,MATCH($O17,燃料係數計算!$A$7:$A$40,0)),IFERROR(INDEX(電力係數!$D$4:$D$20,MATCH($O17,電力係數!$A$4:$A$20,0)),"")) | R17: =IF($H17="","",IF($H17=$Q17,"OK","單位不符")) | S17: =IFERROR(INDEX(燃料係數計算!$U$7:$U$40,MATCH($O17,燃料係數計算!$A$7:$A$40,0)),IFERROR(INDEX(電力係數!$C$4:$C$20,MATCH($O17,電力係數!$A$4:$A$20,0)),"")) | T17: =IFERROR(IF(MATCH($O17,電力係數!$A$4:$A$20,0)>0,"範疇二"),IF($O17="","","範疇一")) | U17: =IFERROR($N17*$S17,"") | V17: =IFERROR($U17/1000,"")
A18: 12 | K18: =IF($E18="","",$F18-$E18+1) | L18: =IF($E18="","",MAX(0,MIN($F18,$C$3)-MAX($E18,$C$2)+1)) | M18: =IFERROR($L18/$K18,"") | N18: =IFERROR($G18*$M18,"") | P18: =IFERROR(INDEX(燃料係數計算!$C$7:$C$40,MATCH($O18,燃料係數計算!$A$7:$A$40,0)),IFERROR(INDEX(電力係數!$B$4:$B$20,MATCH($O18,電力係數!$A$4:$A$20,0)),"")) | Q18: =IFERROR(INDEX(燃料係數計算!$F$7:$F$40,MATCH($O18,燃料係數計算!$A$7:$A$40,0)),IFERROR(INDEX(電力係數!$D$4:$D$20,MATCH($O18,電力係數!$A$4:$A$20,0)),"")) | R18: =IF($H18="","",IF($H18=$Q18,"OK","單位不符")) | S18: =IFERROR(INDEX(燃料係數計算!$U$7:$U$40,MATCH($O18,燃料係數計算!$A$7:$A$40,0)),IFERROR(INDEX(電力係數!$C$4:$C$20,MATCH($O18,電力係數!$A$4:$A$20,0)),"")) | T18: =IFERROR(IF(MATCH($O18,電力係數!$A$4:$A$20,0)>0,"範疇二"),IF($O18="","","範疇一")) | U18: =IFERROR($N18*$S18,"") | V18: =IFERROR($U18/1000,"")
A19: 13 | K19: =IF($E19="","",$F19-$E19+1) | L19: =IF($E19="","",MAX(0,MIN($F19,$C$3)-MAX($E19,$C$2)+1)) | M19: =IFERROR($L19/$K19,"") | N19: =IFERROR($G19*$M19,"") | P19: =IFERROR(INDEX(燃料係數計算!$C$7:$C$40,MATCH($O19,燃料係數計算!$A$7:$A$40,0)),IFERROR(INDEX(電力係數!$B$4:$B$20,MATCH($O19,電力係數!$A$4:$A$20,0)),"")) | Q19: =IFERROR(INDEX(燃料係數計算!$F$7:$F$40,MATCH($O19,燃料係數計算!$A$7:$A$40,0)),IFERROR(INDEX(電力係數!$D$4:$D$20,MATCH($O19,電力係數!$A$4:$A$20,0)),"")) | R19: =IF($H19="","",IF($H19=$Q19,"OK","單位不符")) | S19: =IFERROR(INDEX(燃料係數計算!$U$7:$U$40,MATCH($O19,燃料係數計算!$A$7:$A$40,0)),IFERROR(INDEX(電力係數!$C$4:$C$20,MATCH($O19,電力係數!$A$4:$A$20,0)),"")) | T19: =IFERROR(IF(MATCH($O19,電力係數!$A$4:$A$20,0)>0,"範疇二"),IF($O19="","","範疇一")) | U19: =IFERROR($N19*$S19,"") | V19: =IFERROR($U19/1000,"")
A20: 14 | K20: =IF($E20="","",$F20-$E20+1) | L20: =IF($E20="","",MAX(0,MIN($F20,$C$3)-MAX($E20,$C$2)+1)) | M20: =IFERROR($L20/$K20,"") | N20: =IFERROR($G20*$M20,"") | P20: =IFERROR(INDEX(燃料係數計算!$C$7:$C$40,MATCH($O20,燃料係數計算!$A$7:$A$40,0)),IFERROR(INDEX(電力係數!$B$4:$B$20,MATCH($O20,電力係數!$A$4:$A$20,0)),"")) | Q20: =IFERROR(INDEX(燃料係數計算!$F$7:$F$40,MATCH($O20,燃料係數計算!$A$7:$A$40,0)),IFERROR(INDEX(電力係數!$D$4:$D$20,MATCH($O20,電力係數!$A$4:$A$20,0)),"")) | R20: =IF($H20="","",IF($H20=$Q20,"OK","單位不符")) | S20: =IFERROR(INDEX(燃料係數計算!$U$7:$U$40,MATCH($O20,燃料係數計算!$A$7:$A$40,0)),IFERROR(INDEX(電力係數!$C$4:$C$20,MATCH($O20,電力係數!$A$4:$A$20,0)),"")) | T20: =IFERROR(IF(MATCH($O20,電力係數!$A$4:$A$20,0)>0,"範疇二"),IF($O20="","","範疇一")) | U20: =IFERROR($N20*$S20,"") | V20: =IFERROR($U20/1000,"")
A21: 15 | K21: =IF($E21="","",$F21-$E21+1) | L21: =IF($E21="","",MAX(0,MIN($F21,$C$3)-MAX($E21,$C$2)+1)) | M21: =IFERROR($L21/$K21,"") | N21: =IFERROR($G21*$M21,"") | P21: =IFERROR(INDEX(燃料係數計算!$C$7:$C$40,MATCH($O21,燃料係數計算!$A$7:$A$40,0)),IFERROR(INDEX(電力係數!$B$4:$B$20,MATCH($O21,電力係數!$A$4:$A$20,0)),"")) | Q21: =IFERROR(INDEX(燃料係數計算!$F$7:$F$40,MATCH($O21,燃料係數計算!$A$7:$A$40,0)),IFERROR(INDEX(電力係數!$D$4:$D$20,MATCH($O21,電力係數!$A$4:$A$20,0)),"")) | R21: =IF($H21="","",IF($H21=$Q21,"OK","單位不符")) | S21: =IFERROR(INDEX(燃料係數計算!$U$7:$U$40,MATCH($O21,燃料係數計算!$A$7:$A$40,0)),IFERROR(INDEX(電力係數!$C$4:$C$20,MATCH($O21,電力係數!$A$4:$A$20,0)),"")) | T21: =IFERROR(IF(MATCH($O21,電力係數!$A$4:$A$20,0)>0,"範疇二"),IF($O21="","","範疇一")) | U21: =IFERROR($N21*$S21,"") | V21: =IFERROR($U21/1000,"")
A22: 16 | K22: =IF($E22="","",$F22-$E22+1) | L22: =IF($E22="","",MAX(0,MIN($F22,$C$3)-MAX($E22,$C$2)+1)) | M22: =IFERROR($L22/$K22,"") | N22: =IFERROR($G22*$M22,"") | P22: =IFERROR(INDEX(燃料係數計算!$C$7:$C$40,MATCH($O22,燃料係數計算!$A$7:$A$40,0)),IFERROR(INDEX(電力係數!$B$4:$B$20,MATCH($O22,電力係數!$A$4:$A$20,0)),"")) | Q22: =IFERROR(INDEX(燃料係數計算!$F$7:$F$40,MATCH($O22,燃料係數計算!$A$7:$A$40,0)),IFERROR(INDEX(電力係數!$D$4:$D$20,MATCH($O22,電力係數!$A$4:$A$20,0)),"")) | R22: =IF($H22="","",IF($H22=$Q22,"OK","單位不符")) | S22: =IFERROR(INDEX(燃料係數計算!$U$7:$U$40,MATCH($O22,燃料係數計算!$A$7:$A$40,0)),IFERROR(INDEX(電力係數!$C$4:$C$20,MATCH($O22,電力係數!$A$4:$A$20,0)),"")) | T22: =IFERROR(IF(MATCH($O22,電力係數!$A$4:$A$20,0)>0,"範疇二"),IF($O22="","","範疇一")) | U22: =IFERROR($N22*$S22,"") | V22: =IFERROR($U22/1000,"")
A23: 17 | K23: =IF($E23="","",$F23-$E23+1) | L23: =IF($E23="","",MAX(0,MIN($F23,$C$3)-MAX($E23,$C$2)+1)) | M23: =IFERROR($L23/$K23,"") | N23: =IFERROR($G23*$M23,"") | P23: =IFERROR(INDEX(燃料係數計算!$C$7:$C$40,MATCH($O23,燃料係數計算!$A$7:$A$40,0)),IFERROR(INDEX(電力係數!$B$4:$B$20,MATCH($O23,電力係數!$A$4:$A$20,0)),"")) | Q23: =IFERROR(INDEX(燃料係數計算!$F$7:$F$40,MATCH($O23,燃料係數計算!$A$7:$A$40,0)),IFERROR(INDEX(電力係數!$D$4:$D$20,MATCH($O23,電力係數!$A$4:$A$20,0)),"")) | R23: =IF($H23="","",IF($H23=$Q23,"OK","單位不符")) | S23: =IFERROR(INDEX(燃料係數計算!$U$7:$U$40,MATCH($O23,燃料係數計算!$A$7:$A$40,0)),IFERROR(INDEX(電力係數!$C$4:$C$20,MATCH($O23,電力係數!$A$4:$A$20,0)),"")) | T23: =IFERROR(IF(MATCH($O23,電力係數!$A$4:$A$20,0)>0,"範疇二"),IF($O23="","","範疇一")) | U23: =IFERROR($N23*$S23,"") | V23: =IFERROR($U23/1000,"")
... A30: 24 | K30: =IF($E30="","",$F30-$E30+1) | L30: =IF($E30="","",MAX(0,MIN($F30,$C$3)-MAX($E30,$C$2)+1)) | M30: =IFERROR($L30/$K30,"") | N30: =IFERROR($G30*$M30,"") | P30: =IFERROR(INDEX(燃料係數計算!$C$7:$C$40,MATCH($O30,燃料係數計算!$A$7:$A$40,0)),IFERROR(INDEX(電力係數!$B$4:$B$20,MATCH($O30,電力係數!$A$4:$A$20,0)),"")) | Q30: =IFERROR(INDEX(燃料係數計算!$F$7:$F$40,MATCH($O30,燃料係數計算!$A$7:$A$40,0)),IFERROR(INDEX(電力係數!$D$4:$D$20,MATCH($O30,電力係數!$A$4:$A$20,0)),"")) | R30: =IF($H30="","",IF($H30=$Q30,"OK","單位不符")) | S30: =IFERROR(INDEX(燃料係數計算!$U$7:$U$40,MATCH($O30,燃料係數計算!$A$7:$A$40,0)),IFERROR(INDEX(電力係數!$C$4:$C$20,MATCH($O30,電力係數!$A$4:$A$20,0)),"")) | T30: =IFERROR(IF(MATCH($O30,電力係數!$A$4:$A$20,0)>0,"範疇二"),IF($O30="","","範疇一")) | U30: =IFERROR($N30*$S30,"") | V30: =IFERROR($U30/1000,"")
B32: 盤查結果彙總
B33: 範疇一 直接排放 | U33: =SUMIFS($U$7:$U$30,$T$7:$T$30,"範疇一") -> 805.21763 | V33: =$U33/1000 -> 0.80521763
B34: 範疇二 外購電力 | U34: =SUMIFS($U$7:$U$30,$T$7:$T$30,"範疇二") -> 6726.5187 | V34: =$U34/1000 -> 6.7265187
B35: 合計 | U35: =SUM($U$7:$U$30) -> 7531.7363 | V35: =$U35/1000 -> 7.5317363
B37: 資料品質揭露（報告必列）
B38: 實測筆數 | G38: =COUNTIFS($I$7:$I$30,"實測") -> 3
B39: 推估筆數 | G39: =COUNTIFS($I$7:$I$30,"推估") -> 2
B40: 推估排放量占比 | G40: =IFERROR(SUMIFS($U$7:$U$30,$I$7:$I$30,"推估")/SUM($U$7:$U$30),0) -> 0.40948806
B42: 檢查點：第1筆為跨年帳單，分攤比例應為 45/62 ≒ 0.7258。若顯示 1.0000 代表分攤公式沒生效。

Sheet 表八_排放量彙總
A1: 表八、溫室氣體排放量彙總
A2: 欄位對齊環境部清冊表單表八，數值自動取自「活動數據登錄」。本系統僅涵蓋範疇一、二，HFCs/PFCs/SF6/NF3 恆為 0。
A4: 彙整表二、七大溫室氣體排放當量（公噸CO2e/年）
B5: CO2 | C5: CH4 | D5: N2O | E5: HFCs | F5: PFCs | G5: SF6 | H5: NF3 | I5: 年總排放當量
A6: 排放當量 | B6: =SUM(活動數據登錄!$U$7:$U$30)/1000 -> 7.5317363 | C6: 0 | D6: 0 | E6: 0 | F6: 0 | G6: 0 | H6: 0 | I6: =SUM(B6:H6) -> 7.5317363 | J6: ⚠簡化：本系統將燃料燃燒的CH4/N2O已折算為CO2e併入CO2欄，未分氣體拆列。正式申報須拆分。
A7: 氣體別占比(%) | B7: =IFERROR(B6/$I$6,0) -> 1 | C7: =IFERROR(C6/$I$6,0) -> 0 | D7: =IFERROR(D6/$I$6,0) -> 0 | E7: =IFERROR(E6/$I$6,0) -> 0 | F7: =IFERROR(F6/$I$6,0) -> 0 | G7: =IFERROR(G6/$I$6,0) -> 0 | H7: =IFERROR(H6/$I$6,0) -> 0 | I7: =IFERROR(I6/$I$6,0) -> 1
A9: 彙整表四、範疇別排放當量（公噸CO2e/年）
A10: 直接排放－固定燃燒 | B10: =SUMIFS(活動數據登錄!$U$7:$U$30,活動數據登錄!$T$7:$T$30,"範疇一",活動數據登錄!$Q$7:$Q$30,"<>度")/1000 -> 0.80521763 | C10: =IFERROR(IF(ISNUMBER($B10),$B10/$B$15,""),"") -> 0.10690996 | D10: 移動燃燒需另行拆分，見下方說明
A11: 直接排放－移動燃燒 | B11: （見備註） | C11: =IFERROR(IF(ISNUMBER($B11),$B11/$B$15,""),"") | D11: 本試算表未依設備別拆分固定/移動，程式版應由表三排放源清冊的排放型式欄自動歸類
A12: 直接排放小計（範疇一） | B12: =SUMIFS(活動數據登錄!$U$7:$U$30,活動數據登錄!$T$7:$T$30,"範疇一")/1000 -> 0.80521763 | C12: =IFERROR(IF(ISNUMBER($B12),$B12/$B$15,""),"") -> 0.10690996
A13: 能源間接排放－外購電力（範疇二） | B13: =SUMIFS(活動數據登錄!$U$7:$U$30,活動數據登錄!$T$7:$T$30,"範疇二")/1000 -> 6.7265187 | C13: =IFERROR(IF(ISNUMBER($B13),$B13/$B$15,""),"") -> 0.89309004
A14: 其他間接排放（範疇三） | B14: 0 | C14: =IFERROR(IF(ISNUMBER($B14),$B14/$B$15,""),"") -> 0 | D14: 本系統不涵蓋，報告須揭露
A15: 總排放當量 | B15: =SUM(活動數據登錄!$U$7:$U$30)/1000 -> 7.5317363 | C15: =IFERROR(IF(ISNUMBER($B15),$B15/$B$15,""),"") -> 1
A17: 彙整表五、數據品質（對應官方表六）
A18: 實測筆數 | B18: =COUNTIFS(活動數據登錄!$I$7:$I$30,"實測") -> 3
A19: 推估筆數 | B19: =COUNTIFS(活動數據登錄!$I$7:$I$30,"推估") -> 2
A20: 推估排放量占比 | B20: =IFERROR(SUMIFS(活動數據登錄!$U$7:$U$30,活動數據登錄!$I$7:$I$30,"推估")/SUM(活動數據登錄!$U$7:$U$30),0) -> 0.40948806
A21: 清冊排放源數 | B21: =COUNTA(表三_排放源清冊!$A$4:$A$23) -> 5
A22: 已有活動數據之排放源數 | B22: =COUNTA(活動數據登錄!$O$7:$O$30) -> 5
A24: ⚠ 本表為簡化版，對應官方表八的彙整表二與表四。官方另有彙整表一（全廠電力）、表三（範疇一分氣體）、表五（數據等級評分）、表六（不確定性）——列管事業必填，中小企業自願盤查通常不需要，但報告中應說明為何未做。

Sheet 燃料係數計算
A1: 燃料排放係數推導表
A2: 換算常數 1 kcal = | C2: 4.1868e-09 | D2: TJ（來源：附表一 註2）
A3: 本表採用 GWP 版本 | C3: AR5 | D3: （環境部附表四即為 AR5，勿任意更改）
A4: 圖例：灰底＝環境部公告值，不得修改 ｜ 黃底＝假設值，可依實際情況覆寫，但必須填來源 ｜ 白底＝公式自動計算。（註：本表配色與官方原檔相反，官方以黃色標示公告值）
A5: A. 識別 | G5: B. 官方公告值（勿修改） | M5: C. 熱值假設（可覆寫） | P5: D. 計算結果（公式） | V5: E. 其他
A6: 係數編號 | B6: activity_key | C6: 燃料名稱 | D6: 用途 | E6: 車輛技術別 | F6: 活動單位 | G6: CO2 kg/TJ | H6: CH4 kg/TJ | I6: N2O kg/TJ | J6: 甲烷GWP類別 | K6: 公告出處 | L6: 原燃物料代碼 | M6: 熱值 kcal/單位 | N6: 熱值來源 | O6: 熱值版本註記 | P6: CO2 kg/單位 | Q6: CH4 kg/單位 | R6: N2O kg/單位 | S6: GWP CH4 | T6: GWP N2O | U6: 合計 kgCO2e/單位 | V6: 比對關鍵字 | W6: 備註與限制
A7: TW-F-GASOLINE-S | B7: gasoline_stationary | C7: 車用汽油 | D7: 固定燃燒 | E7: — | F7: 公升 | G7: 69300 | H7: 3 | I7: 0.6 | J7: 甲烷 | K7: 附表一-固定 第11列 | L7: 170001 | M7: 7520 | N7: 能源署 能源產品單位熱值表(自113年起) | O7: 114年修正 | P7: =$G7*$C$2*$M7 -> 2.1818922 | Q7: =$H7*$C$2*$M7 -> 9.4454208e-05 | R7: =$I7*$C$2*$M7 -> 1.8890842e-05 | S7: =IFERROR(SUMIFS(GWP表!$D$4:$D$20,GWP表!$A$4:$A$20,$C$3,GWP表!$B$4:$B$20,$J7),0) -> 28 | T7: =IFERROR(SUMIFS(GWP表!$D$4:$D$20,GWP表!$A$4:$A$20,$C$3,GWP表!$B$4:$B$20,"氧化亞氮"),0) -> 265 | U7: =$P7+$Q7*$S7+$R7*$T7 -> 2.189543 | V7: 92|95|98|無鉛|汽油 | W7: ⚠114年修正熱值。坊間流通的舊係數多以修正前熱值推得，數值會不同。
A8: TW-F-DIESEL-S | B8: diesel_stationary | C8: 柴油 | D8: 固定燃燒 | E8: — | F8: 公升 | G8: 74100 | H8: 3 | I8: 0.6 | J8: 甲烷 | K8: 附表一-固定 第17列 | L8: 170006 | M8: 8629 | N8: 能源署 能源產品單位熱值表(自113年起) | O8: 114年修正 | P8: =$G8*$C$2*$M8 -> 2.6770772 | Q8: =$H8*$C$2*$M8 -> 0.00010838369 | R8: =$I8*$C$2*$M8 -> 2.1676738e-05 | S8: =IFERROR(SUMIFS(GWP表!$D$4:$D$20,GWP表!$A$4:$A$20,$C$3,GWP表!$B$4:$B$20,$J8),0) -> 28 | T8: =IFERROR(SUMIFS(GWP表!$D$4:$D$20,GWP表!$A$4:$A$20,$C$3,GWP表!$B$4:$B$20,"氧化亞氮"),0) -> 265 | U8: =$P8+$Q8*$S8+$R8*$T8 -> 2.6858563 | V8: 柴油|超級柴油 | W8: ⚠114年修正熱值。坊間流通的舊係數多以修正前熱值推得，數值會不同。
A9: TW-F-LPG-S | B9: lpg_stationary | C9: 液化石油氣 | D9: 固定燃燒 | E9: — | F9: 公升 | G9: 63100 | H9: 1 | I9: 0.1 | J9: 甲烷 | K9: 附表一-固定 第19列 | L9: 350008 | M9: 5958 | N9: 能源署 能源產品單位熱值表(自113年起) | O9: 114年修正 | P9: =$G9*$C$2*$M9 -> 1.5740266 | Q9: =$H9*$C$2*$M9 -> 2.4944954e-05 | R9: =$I9*$C$2*$M9 -> 2.4944954e-06 | S9: =IFERROR(SUMIFS(GWP表!$D$4:$D$20,GWP表!$A$4:$A$20,$C$3,GWP表!$B$4:$B$20,$J9),0) -> 28 | T9: =IFERROR(SUMIFS(GWP表!$D$4:$D$20,GWP表!$A$4:$A$20,$C$3,GWP表!$B$4:$B$20,"氧化亞氮"),0) -> 265 | U9: =$P9+$Q9*$S9+$R9*$T9 -> 1.5753861 | V9: 液化石油氣|桶裝瓦斯|LPG | W9: ⚠114年修正熱值。坊間流通的舊係數多以修正前熱值推得，數值會不同。 若帳單以公斤計價，需另取密度換算，密度為額外假設。
A10: TW-F-NG-S | B10: natural_gas_stationary | C10: 天然氣 | D10: 固定燃燒 | E10: — | F10: 立方公尺 | G10: 56100 | H10: 1 | I10: 0.1 | J10: 甲烷 | K10: 附表一-固定 第45列 | L10: 050002 | M10: 8107 | N10: 能源署 能源產品單位熱值表(自113年起) NG1(消費面) | O10: 114年新增 | P10: =$G10*$C$2*$M10 -> 1.9041679 | Q10: =$H10*$C$2*$M10 -> 3.3942388e-05 | R10: =$I10*$C$2*$M10 -> 3.3942388e-06 | S10: =IFERROR(SUMIFS(GWP表!$D$4:$D$20,GWP表!$A$4:$A$20,$C$3,GWP表!$B$4:$B$20,$J10),0) -> 28 | T10: =IFERROR(SUMIFS(GWP表!$D$4:$D$20,GWP表!$A$4:$A$20,$C$3,GWP表!$B$4:$B$20,"氧化亞氮"),0) -> 265 | U10: =$P10+$Q10*$S10+$R10*$T10 -> 1.9060178 | V10: 天然氣|瓦斯|大台北瓦斯|欣欣瓦斯 | W10: ⚠熱值歧異最大的一項。熱值表列有(自產)天然氣5,925、(進口)LNG 8,710、NG1(消費面)8,107、NG2(消費面)8,755，差距達48%。此處暫採NG1，但實務上應改用瓦斯公司費率公告揭露之當期熱值。此假設必須寫入報告限制。
A11: TW-F-FUELOIL-S | B11: fuel_oil_stationary | C11: 燃料油 | D11: 固定燃燒 | E11: — | F11: 公升 | G11: 77400 | H11: 3 | I11: 0.6 | J11: 甲烷 | K11: 附表一-固定 第18列 | L11: 170008 | M11: 9320 | N11: 能源署 能源產品單位熱值表(自113年起) | O11: 114年修正 | P11: =$G11*$C$2*$M11 -> 3.0202235 | Q11: =$H11*$C$2*$M11 -> 0.00011706293 | R11: =$I11*$C$2*$M11 -> 2.3412586e-05 | S11: =IFERROR(SUMIFS(GWP表!$D$4:$D$20,GWP表!$A$4:$A$20,$C$3,GWP表!$B$4:$B$20,$J11),0) -> 28 | T11: =IFERROR(SUMIFS(GWP表!$D$4:$D$20,GWP表!$A$4:$A$20,$C$3,GWP表!$B$4:$B$20,"氧化亞氮"),0) -> 265 | U11: =$P11+$Q11*$S11+$R11*$T11 -> 3.0297056 | V11: 燃料油|重油 | W11: ⚠114年修正熱值。坊間流通的舊係數多以修正前熱值推得，數值會不同。
A12: TW-F-KEROSENE-S | B12: kerosene_stationary | C12: 其他煤油 | D12: 固定燃燒 | E12: — | F12: 公升 | G12: 71900 | H12: 3 | I12: 0.6 | J12: 甲烷 | K12: 附表一-固定 第15列 | L12: 170005 | M12: 8500 | N12: 能源署 能源產品單位熱值表(自113年起) | O12: 92年修正 | P12: =$G12*$C$2*$M12 -> 2.5587628 | Q12: =$H12*$C$2*$M12 -> 0.0001067634 | R12: =$I12*$C$2*$M12 -> 2.135268e-05 | S12: =IFERROR(SUMIFS(GWP表!$D$4:$D$20,GWP表!$A$4:$A$20,$C$3,GWP表!$B$4:$B$20,$J12),0) -> 28 | T12: =IFERROR(SUMIFS(GWP表!$D$4:$D$20,GWP表!$A$4:$A$20,$C$3,GWP表!$B$4:$B$20,"氧化亞氮"),0) -> 265 | U12: =$P12+$Q12*$S12+$R12*$T12 -> 2.5674107 | V12: 煤油
A13: TW-M-GASOLINE-OXI | B13: gasoline_mobile_oxi | C13: 車用汽油 | D13: 移動燃燒 | E13: 氧化觸媒 | F13: 公升 | G13: 69300 | H13: 25 | I13: 8 | J13: 甲烷 | K13: 附表一-移動 第8列(CO2)/第24列(CH4,N2O) | L13: 170001 | M13: 7520 | N13: 能源署 能源產品單位熱值表(自113年起) | O13: 114年修正 | P13: =$G13*$C$2*$M13 -> 2.1818922 | Q13: =$H13*$C$2*$M13 -> 0.0007871184 | R13: =$I13*$C$2*$M13 -> 0.00025187789 | S13: =IFERROR(SUMIFS(GWP表!$D$4:$D$20,GWP表!$A$4:$A$20,$C$3,GWP表!$B$4:$B$20,$J13),0) -> 28 | T13: =IFERROR(SUMIFS(GWP表!$D$4:$D$20,GWP表!$A$4:$A$20,$C$3,GWP表!$B$4:$B$20,"氧化亞氮"),0) -> 265 | U13: =$P13+$Q13*$S13+$R13*$T13 -> 2.2706792 | V13: 92|95|98|無鉛|汽油 | W13: 台灣現行車輛多配置觸媒轉換器，一般選此列；報告須說明選擇依據。
A14: TW-M-GASOLINE-UNC | B14: gasoline_mobile_unc | C14: 車用汽油 | D14: 移動燃燒 | E14: 未控制 | F14: 公升 | G14: 69300 | H14: 33 | I14: 3.2 | J14: 甲烷 | K14: 附表一-移動 第8列/第23列 | L14: 170001 | M14: 7520 | N14: 能源署 能源產品單位熱值表(自113年起) | O14: 114年修正 | P14: =$G14*$C$2*$M14 -> 2.1818922 | Q14: =$H14*$C$2*$M14 -> 0.0010389963 | R14: =$I14*$C$2*$M14 -> 0.00010075116 | S14: =IFERROR(SUMIFS(GWP表!$D$4:$D$20,GWP表!$A$4:$A$20,$C$3,GWP表!$B$4:$B$20,$J14),0) -> 28 | T14: =IFERROR(SUMIFS(GWP表!$D$4:$D$20,GWP表!$A$4:$A$20,$C$3,GWP表!$B$4:$B$20,"氧化亞氮"),0) -> 265 | U14: =$P14+$Q14*$S14+$R14*$T14 -> 2.2376832 | V14: 92|95|98|無鉛|汽油 | W14: 老舊或無觸媒車輛適用。
A15: TW-M-GASOLINE-LOW | B15: gasoline_mobile_low | C15: 車用汽油 | D15: 移動燃燒 | E15: 1995年後低里程輕型車 | F15: 公升 | G15: 69300 | H15: 3.8 | I15: 5.7 | J15: 甲烷 | K15: 附表一-移動 第8列/第25列 | L15: 170001 | M15: 7520 | N15: 能源署 能源產品單位熱值表(自113年起) | O15: 114年修正 | P15: =$G15*$C$2*$M15 -> 2.1818922 | Q15: =$H15*$C$2*$M15 -> 0.000119642 | R15: =$I15*$C$2*$M15 -> 0.000179463 | S15: =IFERROR(SUMIFS(GWP表!$D$4:$D$20,GWP表!$A$4:$A$20,$C$3,GWP表!$B$4:$B$20,$J15),0) -> 28 | T15: =IFERROR(SUMIFS(GWP表!$D$4:$D$20,GWP表!$A$4:$A$20,$C$3,GWP表!$B$4:$B$20,"氧化亞氮"),0) -> 265 | U15: =$P15+$Q15*$S15+$R15*$T15 -> 2.2327999 | V15: 92|95|98|無鉛|汽油 | W15: 適用條件嚴格，採用前需確認車輛符合。
A16: TW-M-DIESEL | B16: diesel_mobile | C16: 柴油 | D16: 移動燃燒 | E16: — | F16: 公升 | G16: 74100 | H16: 3.9 | I16: 3.9 | J16: 甲烷 | K16: 附表一-移動 第9列/第26列 | L16: 170006 | M16: 8629 | N16: 能源署 能源產品單位熱值表(自113年起) | O16: 114年修正 | P16: =$G16*$C$2*$M16 -> 2.6770772 | Q16: =$H16*$C$2*$M16 -> 0.0001408988 | R16: =$I16*$C$2*$M16 -> 0.0001408988 | S16: =IFERROR(SUMIFS(GWP表!$D$4:$D$20,GWP表!$A$4:$A$20,$C$3,GWP表!$B$4:$B$20,$J16),0) -> 28 | T16: =IFERROR(SUMIFS(GWP表!$D$4:$D$20,GWP表!$A$4:$A$20,$C$3,GWP表!$B$4:$B$20,"氧化亞氮"),0) -> 265 | U16: =$P16+$Q16*$S16+$R16*$T16 -> 2.7183605 | V16: 柴油|超級柴油 | W16: 移動燃燒柴油不分技術別。
A17: TW-M-LPG | B17: lpg_mobile | C17: 液化石油氣 | D17: 移動燃燒 | E17: — | F17: 公升 | G17: 63100 | H17: 62 | I17: 0.2 | J17: 甲烷 | K17: 附表一-移動 第10列/第28列 | L17: 350008 | M17: 5958 | N17: 能源署 能源產品單位熱值表(自113年起) | O17: 114年修正 | P17: =$G17*$C$2*$M17 -> 1.5740266 | Q17: =$H17*$C$2*$M17 -> 0.0015465872 | R17: =$I17*$C$2*$M17 -> 4.9889909e-06 | S17: =IFERROR(SUMIFS(GWP表!$D$4:$D$20,GWP表!$A$4:$A$20,$C$3,GWP表!$B$4:$B$20,$J17),0) -> 28 | T17: =IFERROR(SUMIFS(GWP表!$D$4:$D$20,GWP表!$A$4:$A$20,$C$3,GWP表!$B$4:$B$20,"氧化亞氮"),0) -> 265 | U17: =$P17+$Q17*$S17+$R17*$T17 -> 1.6186531 | V17: 液化石油氣|LPG | W17: CH4係數明顯偏高，計程車隊需留意。
A18: TW-M-CNG | B18: cng_mobile | C18: 壓縮天然氣 | D18: 移動燃燒 | E18: — | F18: 立方公尺 | G18: 56100 | H18: 92 | I18: 3 | J18: 甲烷 | K18: 附表一-移動 第13列/第27列 | L18: 050002 | M18: 8107 | N18: 能源署 能源產品單位熱值表(自113年起) NG1(消費面) | O18: 114年新增 | P18: =$G18*$C$2*$M18 -> 1.9041679 | Q18: =$H18*$C$2*$M18 -> 0.0031226997 | R18: =$I18*$C$2*$M18 -> 0.00010182716 | S18: =IFERROR(SUMIFS(GWP表!$D$4:$D$20,GWP表!$A$4:$A$20,$C$3,GWP表!$B$4:$B$20,$J18),0) -> 28 | T18: =IFERROR(SUMIFS(GWP表!$D$4:$D$20,GWP表!$A$4:$A$20,$C$3,GWP表!$B$4:$B$20,"氧化亞氮"),0) -> 265 | U18: =$P18+$Q18*$S18+$R18*$T18 -> 2.0185877 | V18: 天然氣|CNG | W18: ⚠熱值歧異最大的一項。熱值表列有(自產)天然氣5,925、(進口)LNG 8,710、NG1(消費面)8,107、NG2(消費面)8,755，差距達48%。此處暫採NG1，但實務上應改用瓦斯公司費率公告揭露之當期熱值。此假設必須寫入報告限制。

Sheet 電力係數
A1: 外購電力排碳係數（範疇二）
A2: 環境部附表一不含電力。依公告：「購買或使用公用售電業電力者，依盤查及查驗時經濟部最新公告之電力排碳係數。」逐年公告，盤查哪一年就用哪一年。
A3: 係數編號 | B3: 顯示名稱 | C3: 係數值 | D3: 活動單位 | E3: 係數單位 | F3: 數值型態 | G3: 資料來源 | H3: 適用年度 | I3: 備註
A4: TW-ELEC-113 | B4: 台灣電力(113年度) | C4: 0.474 | D4: 度 | E4: kgCO2e/度 | F4: 合併 | G4: 經濟部能源署 113年度電力排碳係數 | H4: 113 | I4: 已含GWP，計算時不可再乘GWP。適用公用售電業(台電)。非公用售電業或自用發電須另取供應商係數。
A5: TW-ELEC-112 | B5: 台灣電力(112年度) | C5: 0.494 | D5: 度 | E5: kgCO2e/度 | F5: 合併 | G5: 經濟部能源署 112年度電力排碳係數（清冊表單附表一亦列此值） | H5: 112 | I5: 已核實。清冊表單附表一列有89~113年度完整序列，不確定性±7%。
A6: TW-ELEC-114 | B6: 台灣電力(114年度) | D6: 度 | E6: kgCO2e/度 | F6: 合併 | G6: 經濟部能源署 114年度電力排碳係數 | H6: 114 | I6: 待補：公告後填入。

Sheet GWP表
A1: 全球暖化潛勢 GWP（環境部附表四 ＝ IPCC AR5）
A2: 來源：附表四，IPCC AR5 (2013) Chapter 8, table 8.A.1。全份報告只能用同一版。
A3: 版本 | B3: 氣體名稱 | C3: 化學式 | D3: GWP100 | E3: 適用說明 | F3: 來源
A4: AR5 | B4: 二氧化碳 | C4: CO2 | D4: 1 | E4: 定義值，恆為 1 | F4: 附表四
A5: AR5 | B5: 甲烷 | C5: CH4 | D5: 28 | E5: ★燃料燃燒（固定及移動設備）一律採本列。依環境部平台公告「修正甲烷及石化甲烷GWP適用情形」，燃料燃燒採甲烷28，非石化甲烷30。清冊表單代碼 180177。 | F5: 附表四／清冊表單附表二
A6: AR5 | B6: 石化甲烷 | C6: CH4 | D6: 30 | E6: 附表四註1雖載明「適用於化石燃料所排放之甲烷」，但平台已公告燃料燃燒改採甲烷28。本表保留此列僅供對照，計算不使用。清冊表單代碼 180176。 | F6: 附表四／清冊表單附表二
A7: AR5 | B7: 氧化亞氮 | C7: N2O | D7: 265 | F7: 附表四
A9: 附表四另列有 HFC、PFC、SF6 等冷媒類 GWP（如 HFC-134a 等），若日後納入冷媒逸散再補。註3：本表未列之氣體得引用IPCC最新版次。

Sheet 代碼表
A1: 官方代碼表（節錄自清冊表單附表五～七，中小企業常用部分）
A4: 製程代碼 | D4: 設備代碼 | G4: 原燃物料代碼 | K4: 排放型式
A5: 000000 | B5: 非製造程序產出類別 | D5: 0010 | E5: 燃油鍋爐 | G5: 170001 | H5: 車用汽油 | K5: 固定燃燒
A6: 000999 | B6: 其他未分類製程 | D6: 0020 | E6: 燃氣鍋爐 | G6: 170005 | H6: 煤油 | K6: 移動燃燒
A7: G20900 | B7: 交通運輸活動 | D7: 0099 | E7: 其他鍋爐 | G7: 170006 | H7: 柴油 | K7: 逸散
A8: G20901 | B8: 消防活動 | D8: 0200 | E8: 汽油引擎 | G8: 170008 | H8: 燃料油 | K8: 外購電力
A9: G20902 | B9: 維修保養程序 | D9: 0201 | E9: 柴油引擎 | G9: 350008 | H9: 液化石油氣
A10: 370009 | B10: 其他廢水處理程序 | D10: 0298 | E10: 發電機 | G10: 050002 | H10: 天然氣
D11: 9795 | E11: 化糞池 | G11: GG3500 | H11: 外購台電電力
D12: 9798 | E12: 消防設施 | G12: GG3502 | H12: REC登載電力使用-電證合一
D13: 9999 | E13: 其他未歸類設施

Sheet 手算驗證
A1: 手算驗證表
A2: 黃底自行填寫，其餘為公式。係數編號可填燃料或電力，會自動從對應分頁帶出。每一列日後都要變成一個單元測試。
A3: 案例 | B3: 說明 | C3: 活動數據 | D3: 單位 | E3: 係數編號 | F3: 係數名稱 | G3: 係數單位 | H3: 單位檢查 | I3: CO2 kg/單位 | J3: CH4 kg/單位 | K3: N2O kg/單位 | L3: 合計係數 kgCO2e/單位 | M3: CO2排放 | N3: CH4排放 | O3: N2O排放 | P3: 合計kgCO2e | Q3: 合計tCO2e
A4: 案例1 | B4: 113年3月電費單 | C4: 4820 | D4: 度 | E4: TW-ELEC-113 | F4: =IFERROR(INDEX(燃料係數計算!$C$7:$C$40,MATCH($E4,燃料係數計算!$A$7:$A$40,0)),IFERROR(INDEX(電力係數!$B$4:$B$20,MATCH($E4,電力係數!$A$4:$A$20,0)),"")) -> 台灣電力(113年度) | G4: =IFERROR(INDEX(燃料係數計算!$F$7:$F$40,MATCH($E4,燃料係數計算!$A$7:$A$40,0)),IFERROR(INDEX(電力係數!$D$4:$D$20,MATCH($E4,電力係數!$A$4:$A$20,0)),"")) -> 度 | H4: =IF($D4="","",IF($D4=$G4,"OK","單位不符")) -> OK | I4: =IFERROR(INDEX(燃料係數計算!$P$7:$P$40,MATCH($E4,燃料係數計算!$A$7:$A$40,0)),"") | J4: =IFERROR(INDEX(燃料係數計算!$Q$7:$Q$40,MATCH($E4,燃料係數計算!$A$7:$A$40,0)),"") | K4: =IFERROR(INDEX(燃料係數計算!$R$7:$R$40,MATCH($E4,燃料係數計算!$A$7:$A$40,0)),"") | L4: =IFERROR(INDEX(燃料係數計算!$U$7:$U$40,MATCH($E4,燃料係數計算!$A$7:$A$40,0)),IFERROR(INDEX(電力係數!$C$4:$C$20,MATCH($E4,電力係數!$A$4:$A$20,0)),"")) -> 0.474 | M4: =IF($I4="","",IFERROR($C4*$I4,"")) | N4: =IF($J4="","",IFERROR($C4*$J4*INDEX(燃料係數計算!$S$7:$S$40,MATCH($E4,燃料係數計算!$A$7:$A$40,0)),"")) | O4: =IF($K4="","",IFERROR($C4*$K4*INDEX(燃料係數計算!$T$7:$T$40,MATCH($E4,燃料係數計算!$A$7:$A$40,0)),"")) | P4: =IFERROR($C4*$L4,"") -> 2284.68 | Q4: =IFERROR($P4/1000,"") -> 2.28468
A5: 案例2 | B5: 公務車加油（觸媒） | C5: 45.2 | D5: 公升 | E5: TW-M-GASOLINE-OXI | F5: =IFERROR(INDEX(燃料係數計算!$C$7:$C$40,MATCH($E5,燃料係數計算!$A$7:$A$40,0)),IFERROR(INDEX(電力係數!$B$4:$B$20,MATCH($E5,電力係數!$A$4:$A$20,0)),"")) -> 車用汽油 | G5: =IFERROR(INDEX(燃料係數計算!$F$7:$F$40,MATCH($E5,燃料係數計算!$A$7:$A$40,0)),IFERROR(INDEX(電力係數!$D$4:$D$20,MATCH($E5,電力係數!$A$4:$A$20,0)),"")) -> 公升 | H5: =IF($D5="","",IF($D5=$G5,"OK","單位不符")) -> OK | I5: =IFERROR(INDEX(燃料係數計算!$P$7:$P$40,MATCH($E5,燃料係數計算!$A$7:$A$40,0)),"") -> 2.1818922 | J5: =IFERROR(INDEX(燃料係數計算!$Q$7:$Q$40,MATCH($E5,燃料係數計算!$A$7:$A$40,0)),"") -> 0.0007871184 | K5: =IFERROR(INDEX(燃料係數計算!$R$7:$R$40,MATCH($E5,燃料係數計算!$A$7:$A$40,0)),"") -> 0.00025187789 | L5: =IFERROR(INDEX(燃料係數計算!$U$7:$U$40,MATCH($E5,燃料係數計算!$A$7:$A$40,0)),IFERROR(INDEX(電力係數!$C$4:$C$20,MATCH($E5,電力係數!$A$4:$A$20,0)),"")) -> 2.2706792 | M5: =IF($I5="","",IFERROR($C5*$I5,"")) -> 98.621528 | N5: =IF($J5="","",IFERROR($C5*$J5*INDEX(燃料係數計算!$S$7:$S$40,MATCH($E5,燃料係數計算!$A$7:$A$40,0)),"")) -> 0.99617705 | O5: =IF($K5="","",IFERROR($C5*$K5*INDEX(燃料係數計算!$T$7:$T$40,MATCH($E5,燃料係數計算!$A$7:$A$40,0)),"")) -> 3.0169933 | P5: =IFERROR($C5*$L5,"") -> 102.6347 | Q5: =IFERROR($P5/1000,"") -> 0.1026347
A6: 案例3 | B6: 同案例2改未控制車 | C6: 45.2 | D6: 公升 | E6: TW-M-GASOLINE-UNC | F6: =IFERROR(INDEX(燃料係數計算!$C$7:$C$40,MATCH($E6,燃料係數計算!$A$7:$A$40,0)),IFERROR(INDEX(電力係數!$B$4:$B$20,MATCH($E6,電力係數!$A$4:$A$20,0)),"")) -> 車用汽油 | G6: =IFERROR(INDEX(燃料係數計算!$F$7:$F$40,MATCH($E6,燃料係數計算!$A$7:$A$40,0)),IFERROR(INDEX(電力係數!$D$4:$D$20,MATCH($E6,電力係數!$A$4:$A$20,0)),"")) -> 公升 | H6: =IF($D6="","",IF($D6=$G6,"OK","單位不符")) -> OK | I6: =IFERROR(INDEX(燃料係數計算!$P$7:$P$40,MATCH($E6,燃料係數計算!$A$7:$A$40,0)),"") -> 2.1818922 | J6: =IFERROR(INDEX(燃料係數計算!$Q$7:$Q$40,MATCH($E6,燃料係數計算!$A$7:$A$40,0)),"") -> 0.0010389963 | K6: =IFERROR(INDEX(燃料係數計算!$R$7:$R$40,MATCH($E6,燃料係數計算!$A$7:$A$40,0)),"") -> 0.00010075116 | L6: =IFERROR(INDEX(燃料係數計算!$U$7:$U$40,MATCH($E6,燃料係數計算!$A$7:$A$40,0)),IFERROR(INDEX(電力係數!$C$4:$C$20,MATCH($E6,電力係數!$A$4:$A$20,0)),"")) -> 2.2376832 | M6: =IF($I6="","",IFERROR($C6*$I6,"")) -> 98.621528 | N6: =IF($J6="","",IFERROR($C6*$J6*INDEX(燃料係數計算!$S$7:$S$40,MATCH($E6,燃料係數計算!$A$7:$A$40,0)),"")) -> 1.3149537 | O6: =IF($K6="","",IFERROR($C6*$K6*INDEX(燃料係數計算!$T$7:$T$40,MATCH($E6,燃料係數計算!$A$7:$A$40,0)),"")) -> 1.2067973 | P6: =IFERROR($C6*$L6,"") -> 101.14328 | Q6: =IFERROR($P6/1000,"") -> 0.10114328
A7: 案例4 | B7: 廚房天然氣季用量 | C7: 310 | D7: 立方公尺 | E7: TW-F-NG-S | F7: =IFERROR(INDEX(燃料係數計算!$C$7:$C$40,MATCH($E7,燃料係數計算!$A$7:$A$40,0)),IFERROR(INDEX(電力係數!$B$4:$B$20,MATCH($E7,電力係數!$A$4:$A$20,0)),"")) -> 天然氣 | G7: =IFERROR(INDEX(燃料係數計算!$F$7:$F$40,MATCH($E7,燃料係數計算!$A$7:$A$40,0)),IFERROR(INDEX(電力係數!$D$4:$D$20,MATCH($E7,電力係數!$A$4:$A$20,0)),"")) -> 立方公尺 | H7: =IF($D7="","",IF($D7=$G7,"OK","單位不符")) -> OK | I7: =IFERROR(INDEX(燃料係數計算!$P$7:$P$40,MATCH($E7,燃料係數計算!$A$7:$A$40,0)),"") -> 1.9041679 | J7: =IFERROR(INDEX(燃料係數計算!$Q$7:$Q$40,MATCH($E7,燃料係數計算!$A$7:$A$40,0)),"") -> 3.3942388e-05 | K7: =IFERROR(INDEX(燃料係數計算!$R$7:$R$40,MATCH($E7,燃料係數計算!$A$7:$A$40,0)),"") -> 3.3942388e-06 | L7: =IFERROR(INDEX(燃料係數計算!$U$7:$U$40,MATCH($E7,燃料係數計算!$A$7:$A$40,0)),IFERROR(INDEX(電力係數!$C$4:$C$20,MATCH($E7,電力係數!$A$4:$A$20,0)),"")) -> 1.9060178 | M7: =IF($I7="","",IFERROR($C7*$I7,"")) -> 590.29206 | N7: =IF($J7="","",IFERROR($C7*$J7*INDEX(燃料係數計算!$S$7:$S$40,MATCH($E7,燃料係數計算!$A$7:$A$40,0)),"")) -> 0.29461992 | O7: =IF($K7="","",IFERROR($C7*$K7*INDEX(燃料係數計算!$T$7:$T$40,MATCH($E7,燃料係數計算!$A$7:$A$40,0)),"")) -> 0.27883671 | P7: =IFERROR($C7*$L7,"") -> 590.86552 | Q7: =IFERROR($P7/1000,"") -> 0.59086552
A8: 案例5 | B8: 桶裝瓦斯 | C8: 200 | D8: 公升 | E8: TW-F-LPG-S | F8: =IFERROR(INDEX(燃料係數計算!$C$7:$C$40,MATCH($E8,燃料係數計算!$A$7:$A$40,0)),IFERROR(INDEX(電力係數!$B$4:$B$20,MATCH($E8,電力係數!$A$4:$A$20,0)),"")) -> 液化石油氣 | G8: =IFERROR(INDEX(燃料係數計算!$F$7:$F$40,MATCH($E8,燃料係數計算!$A$7:$A$40,0)),IFERROR(INDEX(電力係數!$D$4:$D$20,MATCH($E8,電力係數!$A$4:$A$20,0)),"")) -> 公升 | H8: =IF($D8="","",IF($D8=$G8,"OK","單位不符")) -> OK | I8: =IFERROR(INDEX(燃料係數計算!$P$7:$P$40,MATCH($E8,燃料係數計算!$A$7:$A$40,0)),"") -> 1.5740266 | J8: =IFERROR(INDEX(燃料係數計算!$Q$7:$Q$40,MATCH($E8,燃料係數計算!$A$7:$A$40,0)),"") -> 2.4944954e-05 | K8: =IFERROR(INDEX(燃料係數計算!$R$7:$R$40,MATCH($E8,燃料係數計算!$A$7:$A$40,0)),"") -> 2.4944954e-06 | L8: =IFERROR(INDEX(燃料係數計算!$U$7:$U$40,MATCH($E8,燃料係數計算!$A$7:$A$40,0)),IFERROR(INDEX(電力係數!$C$4:$C$20,MATCH($E8,電力係數!$A$4:$A$20,0)),"")) -> 1.5753861 | M8: =IF($I8="","",IFERROR($C8*$I8,"")) -> 314.80532 | N8: =IF($J8="","",IFERROR($C8*$J8*INDEX(燃料係數計算!$S$7:$S$40,MATCH($E8,燃料係數計算!$A$7:$A$40,0)),"")) -> 0.13969174 | O8: =IF($K8="","",IFERROR($C8*$K8*INDEX(燃料係數計算!$T$7:$T$40,MATCH($E8,燃料係數計算!$A$7:$A$40,0)),"")) -> 0.13220826 | P8: =IFERROR($C8*$L8,"") -> 315.07722 | Q8: =IFERROR($P8/1000,"") -> 0.31507722
A9: 案例6 | B9: （自行填寫） | F9: =IFERROR(INDEX(燃料係數計算!$C$7:$C$40,MATCH($E9,燃料係數計算!$A$7:$A$40,0)),IFERROR(INDEX(電力係數!$B$4:$B$20,MATCH($E9,電力係數!$A$4:$A$20,0)),"")) | G9: =IFERROR(INDEX(燃料係數計算!$F$7:$F$40,MATCH($E9,燃料係數計算!$A$7:$A$40,0)),IFERROR(INDEX(電力係數!$D$4:$D$20,MATCH($E9,電力係數!$A$4:$A$20,0)),"")) | H9: =IF($D9="","",IF($D9=$G9,"OK","單位不符")) | I9: =IFERROR(INDEX(燃料係數計算!$P$7:$P$40,MATCH($E9,燃料係數計算!$A$7:$A$40,0)),"") | J9: =IFERROR(INDEX(燃料係數計算!$Q$7:$Q$40,MATCH($E9,燃料係數計算!$A$7:$A$40,0)),"") | K9: =IFERROR(INDEX(燃料係數計算!$R$7:$R$40,MATCH($E9,燃料係數計算!$A$7:$A$40,0)),"") | L9: =IFERROR(INDEX(燃料係數計算!$U$7:$U$40,MATCH($E9,燃料係數計算!$A$7:$A$40,0)),IFERROR(INDEX(電力係數!$C$4:$C$20,MATCH($E9,電力係數!$A$4:$A$20,0)),"")) | M9: =IF($I9="","",IFERROR($C9*$I9,"")) | N9: =IF($J9="","",IFERROR($C9*$J9*INDEX(燃料係數計算!$S$7:$S$40,MATCH($E9,燃料係數計算!$A$7:$A$40,0)),"")) | O9: =IF($K9="","",IFERROR($C9*$K9*INDEX(燃料係數計算!$T$7:$T$40,MATCH($E9,燃料係數計算!$A$7:$A$40,0)),"")) | P9: =IFERROR($C9*$L9,"") | Q9: =IFERROR($P9/1000,"")
B11: 合計 | P11: =SUM(P4:P9) -> 3394.4007 | Q11: =SUM(Q4:Q9) -> 3.3944007
B13: 檢查點：案例2 與案例3 僅車輛技術別不同，合計必須不一樣。相同代表公式壞了。

Sheet 資料來源與限制
A1: 資料來源與研究限制
A3: 【資料來源】
A4: 燃料排放係數 | B4: 環境部 113年2月5日 環部授氣字第1139101231號公告「溫室氣體排放係數」附表一。法源：溫室氣體排放量盤查登錄及查驗管理辦法第4條第2項第1款。
A5: GWP | B5: 同上公告附表四。等同 IPCC AR5 (2013) Chapter 8, table 8.A.1。
A6: 燃料熱值 | B6: 經濟部能源署「能源產品單位熱值表（自113年起）」，採淨熱值（＝低位熱值 LHV）。
A7: 電力排碳係數 | B7: 經濟部能源署「113年度電力排碳係數」＝0.474 kgCO2e/度。
A9: 【研究限制】 | B9: 以下每一項都要寫進報告，也都是口試會問的
A10: 0 甲烷GWP更正 | B10: ⚠環境部平台已公告「修正甲烷及石化甲烷GWP適用情形」：燃料燃燒（含固定及移動設備）採「甲烷」GWP=28，而非附表四註1字面上的石化甲烷30。本表已依此更正。資料來源：溫室氣體排放量清冊表單 表五修正說明。
A11: 1 熱值表用途聲明 | B11: ⚠最重要。能源署熱值表註1明載「本表僅供能源統計使用，不建議用於其他用途」。環境部原意是由事業填入自身燃料實際熱值，但中小企業無檢測能力，故本研究以能源署公告熱值作為替代值。此為已知限制，必須主動揭露，不可略過。
A12: 2 熱值版本 | B12: 熱值表標題為「自113年起」，多數項目註記「114年修正熱值」。使用前須確認盤查年度應適用哪一版本，並記錄版本。
A13: 3 天然氣熱值歧異 | B13: 熱值表列有 自產5,925／進口LNG 8,710／NG1 8,107／NG2 8,755 kcal/m³，最大差距48%。本表暫採 NG1(消費面)，實務上應改用瓦斯公司費率公告之當期熱值。
A14: 4 移動燃燒技術別 | B14: CH4/N2O 依車輛污染控制技術而異，非僅依燃料。本表預設「氧化觸媒」，選用理由須於報告說明；若車輛實況不符須改列。
A15: 5 石化甲烷 GWP | B15: 附表四對化石燃料所排放之甲烷另訂 GWP=30（一般甲烷為28）。本表燃料類一律採 30，此為附表四註1之明文規定。
A16: 6 電力係數逐年性 | B16: 電力排碳係數逐年公告，須與盤查年度一致。0.474 為113年度值，不可用於其他年度。
... A18: 8 單位換算假設 | B18: LPG 若以公斤計價需另取密度換算；瓦斯帳單單位需確認為立方公尺或「度」，不可臆測。
A20: 【推導公式】
A21: 每單位係數 | B21: kg氣體/活動單位 ＝ 公告係數(kg/TJ) × 4.1868E-9 (TJ/kcal) × 熱值(kcal/活動單位)
A22: 合計係數 | B22: kgCO2e/活動單位 ＝ CO2係數×1 + CH4係數×GWP_CH4 + N2O係數×GWP_N2O
A23: 電力（例外） | B23: 電力係數已是合併 CO2e 值，直接乘活動數據，不得再乘 GWP。
